﻿id,Name,College League
1,"University at Albany, SUNY
(Albany)",1
2,Binghamton University,1
3,University of Hartford,1
4,University of New Hampshire,1
5,Stony Brook University,1
6,"University of Massachusetts Lowell
(UMass Lowell)",1
7,"University of Maryland, Baltimore County
(UMBC)",1
8,University of Vermont,1
9,University of Cincinnati,2
10,University of Memphis,2
11,SMU,2
12,University of South Florida,2
13,Temple University,2
14,University of Tulsa,2
15,University of Central Florida(UCF),2
16,"University of Connecticut
(UConn)",2
17,"Florida Gulf Coast University
(FGCU)",3
18,Jacksonville University,3
19,Liberty University,3
20,Lipscomb University,3
21,"New Jersey Institute of Technology
(NJIT)",3
22,University of North Florida,3
23,Stetson University,3
24,Davidson College,4
25,University of Dayton,4
26,Duquesne University,4
27,Fordham University,4
28,George Mason University,4
29,George Washington University,4
30,La Salle University,4
31,"University of Massachusetts Amherst
(UMass)",4
32,University of Rhode Island,4
33,St. Bonaventure University,4
34,Saint Joseph's University,4
35,Saint Louis University,4
36,"Virginia Commonwealth University
(VCU)",4
37,Boston College,5
38,Clemson University,5
39,Duke University,5
40,University of Louisville,5
41,"University of North Carolina at Chapel Hill
(North Carolina)",5
42,North Carolina State University,5
43,University of Notre Dame,5
44,"University of Pittsburgh
(Pitt)",5
45,Syracuse University,5
46,University of Virginia,5
47,"Virginia Polytechnic Institute
and State University
(Virginia Tech)",5
48,Wake Forest University,5
49,Butler University,6
50,Creighton University,6
51,DePaul University,6
52,Georgetown University,6
53,Marquette University,6
54,Providence College,6
55,St. John's University,6
56,Seton Hall University,6
57,Villanova University,6
58,Xavier University,6
59,Campbell University,7
60,Gardner–Webb University,7
61,High Point University,7
62,Longwood University,7
63,Presbyterian College,7
64,Radford University,7
65,"University of North Carolina at Asheville
(UNC Asheville)",7
66,"University of South Carolina Upstate
(USC Upstate)",7
67,Winthrop University,7
68,"Indiana University Bloomington
(Indiana)",8
69,"University of Maryland, College Park
(Maryland)",8
70,University of Michigan,8
71,Michigan State University,8
72,Northwestern University,8
73,Ohio State University,8
74,"Pennsylvania State University
(Penn State)",8
75,"Rutgers University–New Brunswick
(Rutgers)",8
76,"University of Wisconsin–Madison
(Wisconsin)",8
77,"California Polytechnic State University
(Cal Poly)",9
78,"California State University, Fullerton
(Cal State Fullerton)",9
79,"California State University, Northridge
(Cal State Northridge/CSUN)",9
80,"California State University, Sacramento
(Sacramento State)",9
81,"University of California, Davis
(UC Davis)",9
82,"University of California, Irvine
(UC Irvine)",9
83,"University of California, Riverside
(UC Riverside)",9
84,"University of California, Santa Barbara
(UC Santa Barbara)",9
85,College of Charleston(Charleston),10
86,University of Delaware,10
87,Drexel University,10
88,Elon University,10
89,Hofstra University,10
90,James Madison University,10
91,Northeastern University,10
92,University of North Carolina at Wilmington,10
93,College of William & Mary,10
94,"University of North Carolina at Charlotte
(Charlotte)",11
95,"Florida Atlantic University
(FAU)",11
96,"Florida International University
(FIU)",11
97,University of Kentucky,11
98,Marshall University,11
99,N,11
100,University of South Carolina,11
101,"University of Alabama at Birmingham
(UAB)",11
102,Cleveland State University,12
103,University of Detroit Mercy,12
104,"University of Wisconsin–Green Bay
(Green Bay)",12
105,"Indiana University –
Purdue University Indianapolis
(IUPUI)",12
106,"University of Wisconsin–Milwaukee
(Milwaukee)",12
107,Northern Kentucky University,12
108,Oakland University,12
109,"University of Illinois at Chicago
(UIC)",12
110,Wright State University,12
111,Brown University,13
112,Columbia University,13
113,Cornell University,13
114,Dartmouth College,13
115,Harvard University,13
116,Princeton University,13
117,University of Pennsylvania,13
118,Yale University,13
119,Canisius College,14
120,Fairfield University,14
121,Iona College,14
122,Manhattan College,14
123,Marist College,14
124,Monmouth University,14
125,Niagara University,14
126,Quinnipiac University,14
127,Rider University,14
128,Saint Peter's University,14
129,Siena College,14
130,University of Akron,15
131,Bowling Green State University,15
132,"Northern Illinois University
(NIU)",15
133,Western Michigan University,15
134,West Virginia University,15
135,"Southern Illinois University Edwardsville
(SIU Edwardsville/SIUE)",15
136,Bradley University,16
137,Drake University,16
138,University of Evansville,16
139,Loyola University Chicago,16
140,Missouri State University,16
141,Valparaiso University,16
142,Bryant University,17
143,Central Connecticut State University,17
144,Fairleigh Dickinson University,17
145,Long Island University (LIU),17
146,Merrimack College,17
147,Mount St. Mary's University,17
148,Robert Morris University,17
149,Sacred Heart University,17
150,"St. Francis College
(St. Francis Brooklyn)",17
151,"Saint Francis University
(Saint Francis (PA))",17
152,"University of California, Berkeley
(California/Cal)",18
153,Oregon State University,18
154,San Diego State University,18
155,Stanford University,18
156,"University of California, Los Angeles
(UCLA)",18
157,University of Washington,18
158,American University,19
159,Army West Point,19
160,Boston University,19
161,Bucknell University,19
162,Colgate University,19
163,College of the Holy Cross,19
164,Lafayette College,19
165,Lehigh University,19
166,Loyola University Maryland,19
167,Naval Academy,19
168,Belmont University,20
169,"East Tennessee State University
(ETSU)",20
170,Furman University,20
171,Mercer University,20
172,"University of North Carolina at Greensboro
(UNC Greensboro)",20
173,"Virginia Military Institute
(VMI)",20
174,Wofford College,20
175,University of Denver,21
176,Eastern Illinois University,21
177,"University of Nebraska Omaha
(Omaha)",21
178,Oral Roberts University,21
179,Western Illinois University,21
180,"Purdue University Fort Wayne
(Purdue Fort Wayne)",21
181,Appalachian State University,22
182,University of Central Arkansas,22
183,Coastal Carolina University,22
184,Georgia Southern University,22
185,Georgia State University,22
186,Howard University,22
187,Gonzaga University,23
188,Loyola Marymount University,23
189,University of the Pacific,23
190,University of Portland,23
191,Saint Mary's College of California,23
192,University of San Diego,23
193,University of San Francisco,23
194,Santa Clara University,23
195,Air Force Academy,24
196,California Baptist University[f],24
197,Grand Canyon University,24
198,Houston Baptist University,24
199,University of the Incarnate Word,24
200,San Jose State University,24
201,Seattle University,24
202,"University of Nevada, Las Vegas
(UNLV)",24
203,Utah Valley University,24
204,"University of Texas Rio Grande Valley
(UTRGV)",24
205,"California State University, Bakersfield
(Cal State Bakersfield/CSUB)",24
206,"University of Missouri–Kansas City
(Kansas City)",24
