Id,First_Name,Last_Name,Height,Weight,State_or_Country,Home_Town,college_id,high_school_id
1,Tommy,Jaeger,5.1,165,CO,Centennial,159,11587
2,Josh,Weiner,6.2,185,NY,Armonk,111,8509
3,Jake,Weinreb,6,175,NJ,East Brunswick,158,18172
4,Grant,Chong,5.8,150,MI,Brighton,45,7483
5,Jack,Doran,5.11,180,MA,West Roxbury,39,6788
6,Owen,Marshall,6.3,190,D.C.,Washington,112,68996
7,Shaun,Quinn,6,180,PA,Center Valley,158,64651
8,Tyler,Hilliard,6,170,GA,Atlanta,39,70516
9,Brian,Nam,5.7,148,GA,Dunwoody,112,70502
10,Jonathan,Dean,5.8,145,GA,Macon,174,62540
11,Seth,Kuhn,5.11,150,PA,Wyomissing,39,72870
12,Keady,Segel,6.1,220,MA,Rockport,37,54925
13,Presten,Montero,5.5,150,TX,El Paso,195,22618
14,Shane,Berson,6.3,,SC,Greer,174,25649
15,Boitumelo,Gugushe,5.11,155,MA,Stoughton,37,72263
16,Aaron,Gaide,5.1,155,CT,Avon,114,3853
17,Nicky,Hernandez,5.11,160,TX,Dallas,11,57136
18,Chase,West,5.11,155,PA,Carlisle,174,9650
19,Michael,Sheinfeld,5.9,165,TX,Dallas,158,25599
20,Patrick,Gould,6.2,175,PA,Reading,195,71509
21,Mick,Maley,5.9,155,IL,South Elgin,72,39036
22,Matthew,Ward,5.11,175,GA,Athens,174,12488
23,Will,Reed,5.9,160,AL,Florence,174,15675
24,Kevin,Rodrigo,5.11,165,PA,Sinking Spring,167,71509
25,Nikhil,Gregg,5.11,160,PA,Haverford,162,65066
26,Nick,Sih,5.8,165,PA,Horsham,39,23978
27,Nicky,MacKain,6.3,180,GA,Suwanee,170,13288
28,Scott,Forbes,6.3,215,NJ,Chatham,117,16232
29,Parker,Haycock,5.11,160,UT,Sandy,195,7483
30,Jordan,DiLapo,6.1,175,NY,Orchard Park,166,47235
31,Nick,Giordano,5.1,165,NY,East Northport,166,13571
32,Juan,Castano,5.9,160,FL,Doral,166,17108
33,Chris,Duvall,5.1,150,GA,Duluth,48,69691
34,Agyeman,Botchway,6.3,,GA,Dacula,117,38968
35,Malcolm,Johnson,5.8,150,DE,Wilmington,111,65930
36,Daniel,Hallowell,5.7,150,NJ,Skillman,161,49022
37,Simon,Becher,6.1,185,CT,Brooklyn,163,72210
38,Quinn,Marshall,6.5,195,OR,Hillsboro,167,10935
39,Will,Walsh,6.4,205,NJ,Morristown,43,16232
40,Mike,Marino,6.2,190,PA,Fort Washington,158,60366
41,Demetrius,Shepard-Lewis,5.11,175,MD,Laurel,164,64642
42,Henry,Baldwin,6.1,170,WA,Poulsbo,114,45148
43,Jeff,Pickett,6.2,187,TX,Temple,159,64011
44,Christian,Barreiro,5.7,,MD,Baltimore,117,8941
45,Kevin,Michalak,6.1,170,CT,Farmington,118,21162
46,Collin,Armstrong,6,164,AL,Vestavia,167,67859
47,Temi,Akinsanya,6.1,180,CA,Sacramento,160,31892
48,Jonathan,Lester,5.11,199,TX,Fort Worth,11,15083
49,Josh,Lietch,5.8,160,GA,Atlanta,170,14747
50,Brendan,Weigley,5.11,160,FL,Safety Harbor,170,18343
51,Etan,Mabourakh,6.2,220,FL,Plantation,117,15762
52,Jason,deFaria,6,,FL,Weston,117,2012
53,Jeremy,Colvin,6.2,190,TX,Houston,116,20052
54,Colin,Smolinsky,6.1,185,VA,Fredericksburg,93,61902
55,Clark,Mortell,5.9,165,FL,Stuart,170,64956
56,Phillip,Gustafson,6.3,185,CO,Littleton,167,11447
57,Alex,Reddy,5.9,,AL,Birmingham,117,42637
58,Kenny,Caceros,6,175,Ontario,Nepean,45,28818
59,Michael,Bloom,5.11,190,ME,Falmouth,164,21061
60,Preston,Langholz,6.3,190,OK,Tulsa,155,68936
61,Connor,Esposito,5.9,155,NJ,Morristown,57,16232
62,Kevin,Carvalho,5.9,160,PA,Richboro,91,72870
63,Thomas,Haws,,160,TX,Austin,48,70433
64,Foster,McCune,6,180,MD,Bethesda,52,60457
65,Bobby,Edet,6,155,TX,Frisco,170,36070
66,Haden,Cosman,5.1,170,NY,New York,158,5494
67,Will,Donovan,6.1,180,MA,Jamaica Plain,39,10194
68,Khedive,McIntosh,5.8,143,NJ,Jackson,45,64745
69,Philip,Quinton,6.5,185,OR,Portland,43,25103
70,Jaren,LaGreca,5.9,155,CO,Littleton,115,11447
71,Matt,O'Connell,5.8,155,NJ,Little Egg Harbor,158,49970
72,Rob,Medairos,5.9,150,VA,Stafford,111,42720
73,Conner,Alexander,6.2,190,NY,Blauvelt,91,5442
74,Andrew,Lombard,5.9,155,NJ,Montclair,91,41930
75,Jordan,Mandelbaum,5.1,160,CA,Los Angeles,111,7247
76,Brice,Gumpel,5.11,175,CA,La Canada,111,21711
77,Ben,Hummel,6.6,210,CA,Orinda,116,5374
78,Ben,Hale,6.1,175,TX,Frisco,170,68467
79,Tyler,Peoples,5.11,155,GA,Conyers,170,27719
80,Taylor,Washington,5.1,160,NY,Somers,160,55766
81,Nacho,Roitman,6,155,MA,Cambridge,160,49558
82,Ricardo,McDonald,6.2,185,NY,Roosevelt,91,55158
83,Ricky,Greensfelder,5.7,135,MD,Baltimore,48,2809
84,Will,Ogden,,175,NY,Armonk,57,8509
85,Dylan,Rowe,5.9,160,TX,New Braunfels,170,43796
86,Louis,Schott,6,,WA,Medina,117,34717
87,Christian,Hambleton,5.1,162,NJ,Scotch Plains,24,60601
88,Mike,Gill,5.1,163,MD,Baltimore,166,8941
89,Rocky,Antwi,6.1,185,NY,Bronx,174,45687
90,Mark,Wysocki,6.1,175,MD,Waldorf,158,70433
91,Adedeji,(DJ) Palmer,5.1,175,NJ,Manahawkin,118,49022
92,Adetomiwa,Adewole,6.2,205,MD,Ashton,57,58162
93,Matt,Sanchez,6.2,180,MD,Owings Mills,166,39875
94,Jonas,Taenzer,6.1,175,NH,Hanover,91,26489
95,Miles,Robinson,6.2,185,MA,Arlington,45,3012
96,Marco,Ortiz,5.8,145,TX,Fort Worth,170,36070
97,Julian,Zighelboim,6.1,175,FL,Coral Gables,72,53001
98,Nate,Arronson,5.8,162,PA,Bryn Mawr,164,64634
99,Neeraj,Mahey,6.2,185,CA,Danville,162,61283
100,Travis,Pillon,5.11,,CA,Oakland,117,27299
101,JT,Marcinkowski,6.1,185,CA,Alamo,52,15940
102,PJ,Koscher,,160,MD,Bel Air,52,2809
103,Julio,Fulcar,5.9,168,MA,Watertown,45,69147
104,Blair,Gaines,5.8,150,AL,Huntsville,174,29597
105,Jacob,Suppiah,6,180,TN,Memphis,159,40360
106,Zander,Perelman,5.11,170,OH,Cleveland Heights,161,12757
107,Martin,Lasprilla,5.1,168,FL,Weston,159,15364
108,Rhys,De Sota,6.1,185,CO,Aurora,155,25038
109,Brad,Warenicz,5.1,158,MD,Baltimore,166,2809
110,Will,Giannakouros,5.6,150,NJ,Manalapan,158,13411
111,Luke,Welch,5.11,175,MD,Middletown,195,40920
112,Rhys,Moller,6.3,183,MI,Dexter,113,16681
113,Chris,Campbell,5.7,150,NY,Huntington,162,22948
114,Sebastian,Palomino,5.1,165,NY,Riverdale,159,21950
115,Sam,Aherne,6.3,175,NY,Bronxville,162,7683
116,Alec,Young,6.1,165,AZ,Scottsdale,195,55941
117,Damilola,Adetola,5.9,148,MD,Bowie,57,6883
118,Christian,Clark,6.2,176,CA,Pleasanton,159,21912
119,Jose,Salama,6.1,175,Spain,Madrid,111,60528
120,Witt,Conger,,165,NC,Raleigh,52,60745
121,Senan,Farrelly,6.1,196,PA,Havertown,43,64634
122,DJ,Palmer,5.1,175,NJ,Manahawkin,118,49022
123,Anthony,Viteri,6,170,NY,Flushing,160,2818
124,Temi,Molinar,5.7,148,AZ,Chandler,39,7871
125,Max,Hallwachs,6.3,185,OH,Chagrin Falls,43,11013
126,Charlie,Neil,6.4,190,TX,Dallas,118,61284
127,AJ,Yerkes,6,172,GA,Columbus,159,13512
128,Jamie,Dubyoski,5.7,175,MD,Catonsville,167,37466
129,Carter,Richardson,5.1,185,OH,Dublin,112,17575
130,Dany,Teran,5.11,175,AZ,Scottsdale,161,46025
131,Max,Hare,6,185,GA,Atlanta,116,60691
132,Craig,Dimbleby,6,160,NY,Brockport,113,7602
133,Barry,Sharifi,5.7,160,NY,Jericho,166,31585
134,Miles,Franklyn,6.3,175,NJ,Teaneck,45,5442
135,Nick,Alers,6,155,Costa Rica,San Jose,118,14439
136,Aaron,Simmons,6,166,TX,Mansfield,11,38468
137,Jeffrey,Fann,6,155,SC,Greenville,170,61149
138,Allen Michael,Capo,6.1,180,GA,Atlanta,113,72235
139,Eddy,Diaz,5.6,140,FL,Miami,195,13512
140,Anthony,Ponikvar,6.5,210,OH,Brecksville,113,7196
141,Brandon,Turner,6.2,193,NY,Bay Shore,164,4606
142,Mark,Fasano,5.8,145,NJ,Freehold,158,22832
143,Aedan,Stanley,5.11,175,IL,Columbia,39,13447
144,Christian,Boorom,5.11,180,FL,Fort Lauderdale,11,29935
145,Joseph,Alexander,6,150,TN,Nashville,115,41998
146,Will,Echeverria,6,185,MA,Longmeadow,164,37101
147,Blake,Gardner,5.8,155,AR,Little Rock,174,15675
148,Bennett,Jones,6.4,190,NC,Winston-Salem,93,20052
149,Diego,Manrique,5.1,174,GA,Buford,167,41157
150,Justin,Lawrence,5.1,150,NJ,Randolph,166,52945
151,Christian,Womeldorph,5.11,185,FL,Sarasota,174,29935
152,Michael,Gomes,5.1,170,MA,Brockton,115,7609
153,Eric,Tise,,160,GA,Cumming,195,22098
154,Antoine,Hoppenot,5.8,145,NJ,Princeton,116,51450
155,Dae,An,5.9,150,South Korea,Busan,114,60504
156,Danny,Mooney,6.1,159,MD,Ellicott City,166,10474
157,Emmanuel,Anning,5.7,165,NY,Bronx,163,7669
158,Jack,Cisneros,6,165,VA,Leesburg,164,54396
159,Danny,Hampton,6.1,185,NJ,Marlton,116,11577
160,Desmond,Mitchell,5.1,155,GA,Marietta,115,9130
161,Steven,Noller,6.6,200,CO,Fort Collins,195,54969
162,James,Sims,6.4,175,CO,Colorado Springs,195,1028
163,Philip,Geanakoplos,6.1,173,CT,New Haven,115,29095
164,Logan,Gdula,5.11,160,CT,East Lyme,48,3967
165,Ashi,Geberkidane,6.2,162,CO,Denver,115,18306
166,Charlie,Ober,5.6,155,NH,Atkinson,91,7826
167,Alex,Haring,5.9,150,NH,New Castle,112,7826
168,Matthew,Swain,5.11,165,NY,New York,112,66280
169,Diogo,Almeida,6,175,Brazil,Piracicaba,11,46300
170,Scott,Partridge,6.2,185,MA,Whitinsville,91,72263
171,Quinn,Hunt,6,170,SC,Aiken,174,1014
172,Aaron,Schwartz,5.1,145,PA,Berwyn,114,72870
173,Alex,Sommer,6.1,175,CA,Oakland,113,27299
174,Jack,Orr,5.11,165,CT,Ridgefield,160,72260
175,Colin,Christman,5.1,160,MA,Falmouth,118,21061
176,Alex,Contratto,6.1,185,CA,Palos Verdes Estates,112,11003
177,Jonah,Kagen,5.9,155,GA,Savannah,113,57939
178,John,Zaback,6,160,CT,Farmington,162,21162
179,Eduardo,Velazco,5.9,150,FL,Miami,174,12110
180,Kyle,Petitt,5.9,163,VA,Springfield,164,70192
181,Alex,Crooks,5.9,140,GA,Alpharetta,170,11473
182,Alex,Touche,6.4,190,NM,Albuquerque,117,1226
183,Julian,Bongiorno,6,185,AZ,Scottsdale,112,29149
184,Korede,Olagbegi,5.9,160,Ontario,Windsor,93,15675
185,Steve,Noller,6.6,195,CO,Fort Collins,195,54969
186,Ian,Panzica,6.1,175,RI,Scituate,113,57245
187,David,Gunter,5.7,134,FL,Miami,166,12110
188,Dredon,Kelly,6.1,190,Ontario,Windsor,174,54396
189,Aaron,Dupere,5.11,180,FL,Royal Palm Beach,167,69567
190,Martin,Ssessanga,5.9,145,NJ,Brick,164,15280
191,Kyle,Casey,5.7,160,CT,Fairfield,155,20838
192,Brian,McGue,6.2,167,OH,Dublin,24,17583
193,Antonio,Matarazzo,6.4,185,NJ,Fair Lawn,112,20860
194,Noah,Rhynhart,5.9,156,NY,Albany,45,16952
195,Drew,Mostoller,5.7,155,NC,Trinity,170,69688
196,Arthur,Ivo,5.9,166,Brazil,Braganca Paulista,11,46300
197,Alec,Kann,6.4,190,GA,Decatur,170,34699
198,Bobby,Hurstak,6.1,184,MA,Sudbury,163,36428
199,Austin,Vincent,5.9,150,TX,Longview,11,37110
200,Melvin,Andujar,5.9,164,Puerto Rico,San Juan,45,61091
201,Jesse,Scanlon,6.3,185,NY,Southampton,114,59592
202,Kevin,Harrington,6.1,165,NY,Pittsford,115,40054
203,Dami,Omitaomu,5.7,145,TN,Knoxville,117,21187
204,Sam,Feldbaum,6.3,180,PA,Narberth,164,22949
205,Mike,Deasel,5.9,173,MD,Kingsville,166,37466
206,Frankie,Bergonzi,6,175,CT,Westport,162,62005
207,Chris,Spaid,6.2,185,GA,Alpharetta,195,11473
208,Wade,Clement,6.3,200,CA,Pacific Palisades,39,27008
209,James,Holler,5.11,170,NH,Stratham,160,20672
210,Eric,Sugarman,5.7,155,NJ,Livingston,111,36792
211,Michael,Osei Wusu,6.2,170,MD,Bowie,116,16320
212,Walker,Zimmerman,6.3,185,GA,Lawrenceville,170,7857
213,George,Pedlow,5.1,170,England,London,113,61528
214,J.J.,Bain,5.11,170,OH,Columbus,113,65162
215,Adam,Gostomelsky,6,185,IN,Carmel,91,9701
216,Andrew,Waddington,6.3,180,RI,Jamestown,166,35083
217,Chase,West,5.11,155,PA,Carlisle,166,9650
218,Sam,Raben,6,165,CO,Greenwood Village,48,11587
219,Myles,Harris,5.9,160,OH,Boardman,164,9526
220,Deji,Ogunnaike,5.6,155,DE,Hockessin,115,11419
221,Andrew,DiLallo,6.3,185,FL,Wellington,24,69567
222,Trevor,Haberkorn,6.3,185,TX,Keller,170,32953
223,Amadu,Ndiaye,5.11,155,GA,Doraville,170,34596
224,Aidan,Leonard,6,175,CA,Camarillo,111,46422
225,Omir,Fernandez,5.9,160,NY,Bronx,48,13460
226,Issa,Rayyan,5.1,150,MI,Grand Blanc,39,72870
227,Jack,Kuntz,6,165,NJ,Chatham,111,11459
228,Zach,Kalk,5.8,155,Ontario,North York,114,5494
229,Enda,O'Neill,6.1,170,CO,Louisville,57,20907
230,Ryan,Shea,5.11,160,MA,Boston,160,26489
231,Myles,Gerraty,5.11,165,NJ,Nutley,37,60601
232,Matt,Devitt,6.2,175,IL,LaGrange,113,60921
233,Mark,Wilber,6.4,210,NM,Tijeras,52,1226
234,Zach,Knudson,5.9,172,NJ,Oakland,52,15952
235,David,Asbjornsson,6.3,200,Iceland,Reykjavik,160,54396
236,Quentin,Grigsby,5.1,165,AZ,Phoenix,112,7871
237,Joey,Gordon,5.11,160,NJ,Freehold,164,12052
238,Hugh,Pringle,6.2,180,GA,Decatur,45,72235
239,Tyler,Regan,6,160,PA,Philadelphia,113,23978
240,Kennedy,Davis,5.1,145,AL,Birmingham,114,46267
241,Mohamed,Omar,6.3,182,Ontario,Toronto,43,5494
242,Brendan,Gruenwald-Schmitz,5.1,170,WI,Burlington,72,3978
243,CC,Uche,6.1,175,GA,Lawrenceville,39,13288
244,Milan,Tica,6.4,200,IN,Schererville,118,42228
245,Tyler,McElhinney,5.11,160,NY,Jericho,166,31585
246,Nicko,West,6,180,TX,Mansfield,167,38468
247,Alassane,Kane,6.3,185,GA,Macon,158,62541
248,Brian,Finn,6.1,174,NJ,Basking Ridge,43,16232
249,Matthew,Radzihovsky,5.1,174,CO,Boulder,155,6827
250,Brennan,Randel,5.7,170,LA,Shreveport,159,9462
251,Cooper,Duplantis,6.2,185,NC,Apex,158,9513
252,Joel,Serugo,6,175,CA,North Hills,115,10155
253,Chuka,Anyafo,5.1,187,NC,Pineville,164,11355
254,Danny,Steiner,5.11,175,CA,Pacific Palisades,116,7247
255,Jake,Heroux,5.11,164,NJ,Westfield,166,70396
256,Morgan,Lussi,5.1,150,MD,Lutherville,166,61528
257,Nick,Le,5.11,160,MI,Dewitt,162,16669
258,Gannon,Gardner,,155,CO,Colorado Springs,195,1028
259,Philips,Leach,6.2,180,AL,Birmingham,174,57775
260,Keagan,McLaughlin,6.4,180,OH,Zanesville,43,6080
261,Will,Young,6,170,CA,Piedmont,112,49681
262,Jonathan,Grad,5.11,170,NC,Charlotte,161,11355
263,Alex,Field,5.9,168,GA,Johns Creek,159,11473
264,Matt,Stith,5.1,160,NJ,Montclair,45,41930
265,Eddie,Nam,5.8,150,GA,Marietta,174,64794
266,Christian,Quinttus,6.2,185,NY,Pleasantville,162,21950
267,Aram,Ouligian,6.5,220,MA,Needham,162,43567
268,Tobin,Shanks,6.2,170,AZ,Scottsdale,11,7871
269,Conor,Robinson,6.2,180,MO,Weldon Spring,167,12053
270,Dylan,Scanley,6,155,NY,New York,163,72461
271,Diego,Ceron,5.1,150,NJ,Belleville,163,60601
272,Will,Stamatis,5.11,170,NJ,Mountainside,112,64959
273,Andrew,Stant,5.11,170,DE,Dover,195,8677
274,Jacob,Kauppinen,5.11,160,IL,Fort Lauderdale,111,49857
275,Ryan,Gavey,5.8,152,CT,Fairfield,163,20838
276,Kyle,Jackson,6,175,AZ,Paradise Valley,112,11152
277,Madison,Heck,6.2,165,WA,Sammamish,113,18343
278,Ward,Gavin,5.11,165,NC,Matthews,167,51586
279,Michael,Thrasher,5.11,170,AL,Birmingham,195,46267
280,James,Rushton,6.4,195,GA,Atlanta,117,47858
281,Cameron,Holm,5.9,160,HI,Kailua,11,27134
282,Kevin,Gavey,5.11,165,CT,Fairfield,111,20838
283,Zach,Zandi,5.6,145,PA,West Chester,57,27527
284,Michael,Parker,6.1,190,MD,Owings,167,16320
285,Michael,Neacsu,5.7,155,GA,Snellville,195,7857
286,Manny,Sevillano,5.1,161,CT,West Hartford,45,13771
287,Mitch,Wagner,6.1,195,NY,Horseheads,118,63612
288,Matthew,McLaughlin,6,173,OK,Edmond,11,27720
289,Thomas,Cools,6.1,150,WA,Sammamish,114,18343
290,Atobra,Ampadu,5.9,158,Ghana,Accra,37,64663
291,Jack,Cannata,5.11,160,CT,Middlebury,195,65105
292,Nate,Krinsky,6.1,190,NH,Manchester,116,13787
293,Connor,McCabe,5.1,160,AZ,Scottsdale,72,7871
294,Sam,Miller,,175,OK,Tulsa,167,6706
295,Alex,Wilson,5.11,165,AZ,Phoenix,167,65482
296,Owen,Azrak,6,186,NY,Bedford,163,22364
297,Nick,Irvine,5.11,165,PA,Doylestown,166,65066
298,Carson,Hunt,6.2,180,MD,Parkville,57,37466
299,Arthur,Ivo,5.9,166,Brazil,Braganca Paulista,11,46419
300,Adam,Santoro,6.1,198,NJ,Egg Harbor Township,57,19169
301,Ian,Kalis,5.9,174,TX,Plano,11,17621
302,Alex,Ainscough,5.1,158,MA,Canton,155,9265
303,Nikolas,Steiner,5.8,173,MD,Baltimore,45,22954
304,Connor,Davis,6.1,180,GA,Roswell,174,10474
305,Tyler,Bristol,5.11,190,CT,Clinton,167,64843
306,Ryan,McCormick,6,175,RI,Cranston,45,35083
307,Jesse,Klug,6,180,WA,Sammamish,161,47678
308,Dante,Marini,5.3,125,PA,Chadds Ford,91,56050
309,Trevor,Wade,6.2,188,MD,Bel Air,195,31866
310,Justin,Donawa,5.9,150,Bermuda,Sandys,114,5494
311,Nicolas,Perez,6,165,GA,Atlanta,111,3527
312,Jack,Arnold,6,175,TN,Brentwood,118,4550
313,Tomas,Gomez,6.2,196,MO,Webster Groves,52,69476
314,Adam,Hardie,6.1,165,NY,Lansing,113,34978
315,Cameron,Robinson,5.9,150,LA,Madisonville,170,61529
316,Dale,McDonald,6.2,185,Jamaica,Portmore,158,55158
317,Connor,Donohue,5.9,168,SC,Greenville,174,18700
318,Mitch,Kim,,195,WA,Sammamish,195,58616
319,Fernando,Posada,5.1,160,SC,Columbia,170,26361
320,Theo,Terris,5.1,170,MA,Concord,160,23879
321,Taylor,Gorman,6.1,180,ME,Freeport,111,45474
322,Benji,Geisler,5.11,170,NY,Lansing,162,34978
323,Sam,Millikan,6.1,182,NC,Chapel Hill,159,9513
324,Philip,Fleischman,5.11,175,MD,Chevy Chase,115,58323
325,Robbie,Derschang,5.11,164,CO,Englewood,11,11587
326,Adam,Rousmaniere,6,160,MA,Andover,115,7826
327,Adam,Still,5.11,167,TX,Colleyville,11,27689
328,John-Austin,Ricks,6,170,CA,Diablo,45,41943
329,Max,Graham,5.1,160,MD,Bethesda,118,58323
330,Andrew,O'Malley,,180,PA,West Chester,43,56050
331,David,Weinstein,5.7,145,VA,Leesburg,45,16320
332,Devin,Grant-Keane,5.8,140,NY,Lansing,113,34978
333,Chris,DePetro,5.6,135,CA,Carlsbad,162,9298
334,Drew,Stanko,6.2,180,PA,Wyomissing,57,5479
335,Joey,DeZart,6.1,195,NJ,Jackson,48,72870
336,Jerry,Zouantcha,5.9,183,Cameroon,Yaounde,158,45813
337,Declan,McCabe,5.9,150,MA,Weston,52,65018
338,Peter,Adubato,6.1,188,PA,Philadelphia,164,60366
339,Max,Benford,5.1,152,MA,Ipswich,163,30534
340,Hank,Gauger,,165,NC,Morrisville,48,9513
341,Troy,Moo Penn,5.8,150,Jamaica,Manchester,162,63612
342,Brandon,Pfluger,6.2,184,TX,Carrollton,11,23909
343,Danny,Apajee,5.1,162,RI,Cranston,45,35083
344,Cody,Sullivan,5.11,150,HI,Mililani,195,40850
345,Noah,Abrams,6.1,185,England,London,91,5494
346,George,Abunaw,6.2,180,CT,West Hartford,160,67106
347,Collin,Liberty,6,170,CA,Van Nuys,155,12760
348,Matt,Leach,5.8,145,TX,Southlake,113,9854
349,Randy,Falk,5.11,175,NJ,Tewksbury,57,64959
350,Alexander,Drummond,5.1,170,NC,Charlotte,174,11339
351,Phil,Boerger,6.2,190,ND,Jamestown,45,31288
352,Hamadi,Cantave,6.2,167,MA,Roslindale,91,10194
353,Marc,Greenblatt,5.9,160,MA,Winchester,91,71571
354,Harrison,Kendall,5.5,130,PA,Narberth,45,64634
355,Brian,Kane,5.1,150,IL,Chicago,52,7873
356,John,Gerard,6.1,175,NJ,Summit,162,16232
357,Andrew,Mahan,6,180,VA,Midlothian,93,14367
358,Kelvin,Naito,5.6,140,HI,Waipahu,160,52400
359,Michael,Cacace,5.6,147,MD,Bowie,166,16320
360,Conor,Goepel,5.1,171,NJ,Chatham,113,11459
361,Matt,Gilbert,6.4,190,NJ,Madison,160,37966
362,Bryan,Windsor,5.8,150,CO,Boulder,116,20907
363,Kamar,Saint-Louis,5.8,,MD,Potomac,117,8216
364,Brennan,Branca,5.7,175,CT,Darien,112,15661
365,Jake,Levin,6.3,,MD,Columbia,117,39875
366,Andy,Lubahn,6.1,170,PA,Erie,48,10174
367,Jonathan,Zabasajja,5.6,152,AZ,Phoenix,11,16522
368,Eoin,Houlihan,6,165,MA,North Andover,163,44839
369,Timothy,Ennin,5.1,185,CT,Hartford,91,64817
370,Alex,Blanton,6,180,TN,Nashville,11,7243
371,Jack,Sicker,6,165,SC,Columbia,174,9527
372,Dylan,Faber,6,177,AK,Anchorage,91,15675
373,Rodrigo,Amboss,6.1,195,NY,Bronxville,114,7683
374,Jacob,Kauppinen,5.11,160,IL,Fort Lauderdale,111,49963
375,Nick,Dubee,6.1,194,RI,Carolina,167,11196
376,Mac,Mazzola,6.4,185,OH,Chagrin Falls,72,11013
377,Thomas,Cools,6.1,150,WA,Sammamish,114,18641
378,Henry,Sherwood Caballero,5.11,130,NY,New York,117,39191
379,Cameron,Riach,6.1,175,CT,Weston,118,70539
380,Liam,Butler,6.2,181,NY,Yonkers,163,2827
381,Jose,Zuniga,5.11,160,Puerto Rico,San Juan,45,54732
382,John,Timoney,5.9,155,NY,New York,112,7683
383,Stan,Sandoval,5.7,160,CT,Simsbury,112,70516
384,Demetri,Kostakis,5.11,180,MA,Andover,195,2261
385,Jonathan,Collier,5.11,165,GA,Fayetteville,170,21241
386,Nate,Pomeroy,6.1,175,MA,Groton,111,25839
387,Cameron,Porter,5.8,160,CA,Rancho Murieta,167,22618
388,Nick,Lueders,5.11,180,MA,Needham,91,43567
389,Kian,Zapata,6,165,NJ,Morristown,57,16232
390,Nii,Engmann,6.1,185,WA,Shoreline,39,33526
391,Josh,Barkoff,6.2,185,NJ,East Brunswick,160,18172
392,Morgen,Richards,5.1,147,GA,Mableton,167,9130
393,Christian,Johnson,5.9,161,NY,New York,37,13255
394,Jeremiah,Gallington,5.1,180,MA,Mattapan,37,7826
395,Theo,Biddle,6.4,185,D.C.,Washington,93,71509
396,Henry,Sherwood Caballero,5.11,130,NY,New York,117,39200
397,Andy,Shorten,5.1,150,OH,Hudson,118,70369
398,Brandon,Busch,5.3,130,CA,San Diego,116,64307
399,Mike,Koegel,5.1,175,NY,Kirkville,45,11913
400,Forrest,Clancy,5.8,155,England,London,117,70516
401,Temi,Akinsanya,6.1,180,CA,Sacramento,160,31916
402,Harrison,Balder,5.9,165,MA,Needham,91,64199
403,Mac,Burke,5.9,175,MD,La Plata,167,16320
404,Trevor,Alexander,6,165,CT,Meriden,45,22443
405,Christian,Williams,5.11,180,PA,Southampton,164,60366
406,Mark,McKenzie,5.11,185,NY,Bronx,48,72870
407,Wiley,Sinkus,6.1,180,FL,Gainesville,174,18700
408,Edi,Mujan,6.1,176,MA,Revere,163,53692
409,John,Branisa,6,160,TX,Houston,170,40316
410,Amadu,Ndiaye,5.11,155,GA,Doraville,170,34699
411,Ryan,Ruffing,6.2,200,MA,Westborough,39,23879
412,Richie,Schlentz,5.11,160,PA,West Chester,57,27527
413,Kevin,Garcia,6.2,186,NY,Flushing,57,60845
414,Andrew,Quinn,6.3,225,MD,Silver Spring,43,16320
415,Andrew,Morales,5.1,165,NC,Rocky Mount,11,17621
416,Chandler,Waldis,6.3,175,NJ,Morristown,166,16232
417,Matt,McCraith,5.11,170,NY,Clarence,167,9214
418,Ernie,McAlister,5.1,160,MA,Braintree,37,64199
419,Andrew,Venezia,5.1,165,NJ,Lincroft,164,12052
420,Elek,Arany,6.2,190,CO,Highlands Ranch,11,65485
421,Miro,Everaert,6,160,D.C.,Washington,93,68996
422,Bryce,Terrill,5.1,145,AZ,Scottsdale,112,16487
423,Glenn,Leitch,6.1,180,PA,Downingtown,166,6085
424,Ty,Goncalves,5.8,151,MA,Norwood,163,45987
425,Leighton,Welch,5.9,155,NY,Bronxville,115,7683
426,Blake,Townes,6.1,170,MI,Canton,43,56013
427,Caleb,McAuslan,5.7,145,WA,Everett,113,2819
428,Ben,Salmon,6,160,WA,Auburn,114,34596
429,Matt,Payne,5.9,160,IL,Glen Ellyn,195,34499
430,Braden,Myus,5.9,155,SC,Greenville,170,59814
431,Sam,Milbury,6.2,198,MA,Peabody,164,7826
432,Noah,Breslaw,6.3,175,CO,Littleton,159,27689
433,Clayton,Holz,5.11,180,TX,Houston,155,61091
434,Richie,Robinson,6,185,NY,Elmont,160,19665
435,Jimmy,Lannon,6,175,NJ,Tinton Falls,113,12052
436,Tyler,Detorie,5.11,160,CT,Canton,118,9265
437,Tim,McHale,,180,NY,Massapequa,167,40489
438,Shane,Lanson,6.3,165,LA,New Orleans,11,31634
439,Jonathan,Navas,5.8,157,NJ,Bloomfield,166,6337
440,Jared,Ziegler,6,185,TN,Maryville,174,39385
441,Elijah,Soko,5.1,175,Zimbabwe,Harare,114,7826
442,Dae,An,5.9,150,South Korea,Busan,114,60505
443,Taylor,Grim,5.11,165,TN,Oak Ridge,174,46289
444,Young,Perry,6.2,175,NC,Hendersonville,174,11998
445,David,Amirani,6.5,205,NY,Brooklyn,160,22153
446,Brendan,McDonough,6.2,190,NC,Matthews,52,11339
447,Marco,Carrizales,5.8,150,TX,Dallas,170,36058
448,Mark,Jaskolski,5.7,155,MD,Gaithersburg,166,45813
449,Matthew,Thomas,6,180,PA,Langhorne,39,23978
450,Alex,Debayo-Doherty,6.2,183,VA,McLean,115,64970
451,Kyle,Schafer,5.7,150,CO,Colorado Springs,195,36029
452,Sam,Engs,6.2,165,CA,Lafayette,117,64402
453,Pierre,Griffith,6.2,170,CT,North Haven,115,29095
454,Nicholas,Pappacena,5.8,150,FL,Weston,112,15364
455,Justin,Lobe,5.1,166,MD,Takoma Park,118,58323
456,Matt,Armstrong,5.7,155,AZ,Phoenix,43,44923
457,Matt,Rytel,6,165,PA,Pittsburgh,111,57823
458,Patrick,O'Brien,6.1,180,VA,Williamsburg,93,31288
459,Foster,Langsdorf,5.1,165,WA,Vancouver,155,42720
460,Matt,Freese,6.4,195,PA,Bryn Mawr,115,64499
461,A.,Mickey Watson,5.1,180,PA,Berwyn,166,59346
462,Nico,Sullivan,5.6,156,TX,Missouri City,195,19551
463,Kevin,O'Toole,5.1,165,NJ,Montclair,116,41930
464,Zach,Tamen,6.2,190,D.C.,Washington,162,38736
465,Cameron,McCaslin,6.3,185,CO,Arvada,162,20953
466,Adrian,McInnis,5.1,155,LA,Mandeville,170,61529
467,Ben,Stitz,6.1,,MD,Baltimore,117,2809
468,Clancy,Purcell,5.6,155,CT,Shelton,91,65105
469,Clayton,Holz,5.11,180,TX,Houston,155,61090
470,Max,Kurtzman,6.1,,PA,Bryn Mawr,117,64634
471,Charlie,Vallee,5.1,170,VT,Shelburne,162,63612
472,Cooper,Lycan,6.1,175,ME,Falmouth,159,21061
473,Jacob,Garzon,5.5,140,FL,Winter Park,170,30418
474,Nikkye,DePoint,,170,NY,Rochester,57,40054
475,Anthony,Yeboah,,180,ME,Portland,57,16110
476,Vincent,Savarese,5.8,160,MD,Baltimore,166,2809
477,Brian,Rogers,6.2,178,NY,Bronxville,115,7683
478,Lee,Rubenstein,5.1,,PA,Penn Valley,117,64634
479,Justin,Rosner,6.2,187,ME,Brunswick,114,7991
480,Quentin,Chi,5.1,160,WA,Seattle,155,34717
481,Ethan,Miller,5.1,165,NC,Charlotte,174,51601
482,Hunter,Robinson,5.11,175,CO,Fort Collins,195,22249
483,Kevin,Rossillon,5.1,170,NM,Albuquerque,195,19367
484,Jim,Gullo,6.1,180,IL,River Forest,195,46270
485,Philip,Tuttle,6.1,200,NH,Hooksett,43,7282
486,Peter,Franz,6,,NY,Owego,113,47703
487,Mike,Moshier,5.5,138,NJ,Morristown,161,16232
488,L.J.,Papaleo,6.2,180,NY,Manlius,45,12052
489,Bobby,Thalman,6.5,195,CO,Greenwood Village,118,13358
490,Bobby,Hickson,6.2,190,MI,Orchard Lake,116,61393
491,James,Byer,6.1,163,CT,Farmington,162,21162
492,Wielfried,Zouantcha,,197,MD,Germantown,166,45813
493,Colten,Habecker,6.1,175,PA,Douglassville,11,64651
494,Timothy,Ennin,5.1,185,CT,Hartford,91,64816
495,Matt,Saunders,5.11,185,ME,Fairfield,167,35239
496,Justin,Luthy,6,165,OH,Dublin,37,38936
497,Brendan,Weigley,5.11,160,FL,Safety Harbor,170,18641
498,Josh,Semerene,6,175,FL,Weston,91,15364
499,Peter,Chodas,5.9,155,CA,La Canada,113,21711
500,Rob,Dolot,5.8,156,MI,Belleville,39,25440
501,Nick,Gerlach,6.5,185,VA,Arlington,162,24620
502,Sam,Onyeador,6.4,220,VA,Sterling,93,48458
503,John,Siracuse,5.11,180,MA,Lexington,160,35965
504,Max,Holdsworth,6.1,175,England,London,158,28082
505,Thomas,Canady,5.11,145,VA,Fredericksburg,195,61429
506,Jackson,Widner,5.1,150,TX,Austin,45,70433
507,Zach,Glubiak,6,175,VA,Walkerton,112,20052
508,Alex,Caskey,5.11,152,GA,Dunwoody,24,17720
509,Myles,Brown,6.2,170,VA,Richmond,43,60690
510,Jon,Carlos,5.1,145,CT,Southbury,118,63612
511,Tyler,Hilliard,6,170,GA,Atlanta,45,70516
512,Sebastiaan,Blickman,6.2,180,MA,Lincoln,161,11916
513,Kris,Reaves,6.2,160,GA,Duluth,48,37037
514,Madison,Heck,6.2,165,WA,Sammamish,113,18641
515,Dennis,Shannon,5.11,141,CO,Denver,24,13247
516,Dylan,Schauder,6,170,TX,Houston,11,12657
517,Luke,Kiley,5.9,160,OH,Dublin,52,17575
518,Alex,Takakuwa,5.8,,CA,Davis,117,15813
519,Jordan,Poff,6.2,170,FL,Tampa,174,11339
520,Christopher,Tweed-Kent,5.9,160,MA,Pittsfield,39,50205
521,Josh,Miller,6,180,OR,Portland,116,25103
522,Matt,Sheeleigh,5.11,150,NJ,New Vernon,115,64959
523,Steven,Hellstern,6.1,,NJ,Cranbury,117,51456
524,Chris,Espinoza,5.1,160,HI,Honolulu,160,52400
525,Pumi,Maqubela,5.1,165,MA,Andover,114,49539
526,Sean,McSherry,5.9,160,NJ,Freehold,116,49022
527,John,Branisa,6,160,TX,Houston,170,40320
528,Joseph,Pak,5.9,155,WA,Richland,39,53868
529,Eric,Jayne,5.1,160,NH,Hanover,114,26489
530,T.J.,Thompson,6.1,160,NH,Atkinson,111,49549
531,Matt,Slotnick,5.8,150,NY,Greenlawn,39,22948
532,Nik,Lyon,5.8,145,IN,Westfield,57,70396
533,Ben,Huynh,5.5,120,WA,Everett,167,10025
534,Nick,Villani,5.9,164,NJ,Manalapan,164,12052
535,Jason,Lemmon,6.1,175,CO,Colorado Springs,195,14304
536,Will,Crain,6.1,162,GA,Athens,111,35193
537,Brandon,Allen,6.1,190,NJ,Old Bridge,52,61098
538,Sam,Fink,6.3,190,IL,Glen Carbon,48,19149
539,Brett,Becia,6.1,178,ID,Boise,159,9418
540,Tommy,Hansan,6.1,180,MD,Bethesda,113,64970
541,Duncan,Payne,6.3,171,MA,North Easton,91,64199
542,Macario,Hing-Glover,6,170,AZ,Phoenix,39,11152
543,David,May,5.9,150,IL,Barrington,164,4379
544,John,Denis,5.8,155,NY,Yorktown Heights,112,34641
545,Pat,Plourde,6.1,205,CT,Bristol,161,7524
546,Adrian,Alabi,5.11,173,GA,Snellville,155,7857
547,Richie,Bellucci,5.9,155,CT,Fairfield,93,20827
548,Austin,Dewing,5.8,165,CO,Colorado Springs,195,1028
549,Tommy,Ryan,6.1,180,CA,Ross,155,64317
550,Simon,Basilico,6,175,AL,Birmingham,155,64245
551,Richie,Bennett,6,160,IN,Carmel,72,7177
552,Greg,Howard,5.6,150,MD,Bowie,166,19384
553,Paulo,Silva,5.8,167,Brazil,Piracicaba,11,46289
554,Matthew,Tran,5.7,160,GA,Augusta,174,34596
555,Eric,Udelson,5.9,165,MA,Needham,160,43567
556,Matt,Habrowski,6.2,189,MI,Berkley,43,7873
557,Stevin,Bienfait,5.1,155,GA,Norcross,113,25335
558,Shane,Powell,6.3,185,DE,Wilmington,48,51586
559,Brendan,McSherry,5.9,160,NJ,Freehold,116,49022
560,Jared,Rist,5.9,165,NC,Durham,52,54396
561,Cameron,Souri,5.11,160,CA,Los Angeles,160,19384
562,Jose,Moros Obregon,5.1,155,CA,Irvine,91,67104
563,Aaron,Kovar,5.1,155,WA,Seattle,155,23433
564,A.J.,Grant,6,210,MD,Mitchellville,24,16320
565,Isaac,Normesinu,5.7,140,Ghana,Accra,37,64663
566,Braden,Myus,5.9,155,SC,Greenville,170,59520
567,Moe,Kelli,5.1,160,GA,Atlanta,174,47858
568,Tim,Copare,5.11,180,NJ,Pittsgrove,167,3149
569,Alex,Markes,6,180,CA,Valencia,111,27008
570,Josh,Calderon,5.6,150,VA,Yorktown,167,72716
571,Josh,Hurwitz,6.2,165,CA,Calabasas,160,9394
572,Bill,Byers,5.9,150,D.C.,Washington,52,72155
573,Avi,Eller,5.1,,MN,Minneapolis,112,7180
574,Isaac,Taylor,5.1,165,MD,Ashton,37,11916
575,Peter,Krebs,6.4,207,CA,San Anselmo,161,38855
576,Stephen,O'Connell,5.11,170,NY,Rye,39,5494
577,Skyler,Erickson,6.1,175,CO,Littleton,113,43009
578,Pat,Coleman,6,165,OH,Chagrin Falls,72,11013
579,Adam,Amann,6.3,185,MA,Ipswich,57,30534
580,Grayson,Naquin,5.9,175,AZ,Scottsdale,159,46025
581,Tyler,Conklin,6.2,175,AZ,Scottsdale,155,16487
582,Michael,Innocenzi,6.1,185,NJ,Franklin Lakes,115,16232
583,Carter,Emack,5.1,162,AL,Birmingham,11,72870
584,Sam,Werner,5.1,170,MT,Bozeman,155,6977
585,Cesar,Ramos,5.6,142,MD,Baltimore,166,2809
586,Milan,Tica,6.4,200,IN,Schereville,118,42228
587,Steven,Hadley,6.1,160,NJ,North Caldwell,114,16232
588,Kevin,Lingard,5.1,165,GA,Atlanta,170,48458
589,Nick,Unger,5.1,,WI,Menomonee Falls,117,39053
590,Sacir,Hot,6.1,184,NJ,Fair Lawn,37,20760
591,Elijah,Kilmer,,165,OR,Bend,167,63216
592,Will,Lentz,6,190,IN,Carmel,116,9701
593,Max,Heffron,6.1,175,NY,Brooksville,114,22948
594,Joseph,Greenspan,6.6,209,NJ,Westfield,167,70396
595,John,Rea,5.11,161,AZ,Tempe,43,14294
596,Bobby,Edet,6,155,TX,Frisco,170,36058
597,Jeff,McLaughlin,6.4,180,NJ,Harding,164,16232
598,Clayton,Hafer,5.7,155,MA,Bedford,163,4874
599,Eric,Labourdette,5.11,152,NY,New York,52,7664
600,Will,O'Brien,6,175,NC,Charlotte,174,11355
601,Andrew,Waddington,6.3,180,RI,Jamestown,166,34253
602,Peppe,Carotenuto,5.6,150,AZ,Scottsdale,112,11152
603,Matthew,Tran,5.7,160,GA,Augusta,174,34699
604,Tim,Oberg,5.1,175,MD,Bethesda,162,58323
605,Wyatt,Millard,5.4,150,SC,Columbia,167,9527
606,Michael,Sorin,5.1,160,NJ,Milburn,162,41095
607,Ade,Akinsanya,5.1,165,CA,Sacramento,160,31892
608,Brandon,Bartel,5.1,175,FL,Fleming Island,117,21681
609,Antonio,Matarazzo,6.4,185,NJ,Fair Lawn,112,20760
610,Peter,Schropp,5.11,175,NE,Omaha,52,14756
611,Zach,Abaie,5.1,155,VA,Stafford,158,61902
612,Andrew,Olsen,6,170,MA,Norwell,114,64199
613,Tommy,Hart,6.2,180,OK,Tulsa,39,28594
614,Sacir,Hot,6.1,184,NJ,Fair Lawn,37,20860
615,Ross,Friedman,5.9,155,OH,Bexley,115,5780
616,Sebastian,Serra,5.9,143,Mexico,Mexico City,118,2053
617,Eddie,Tejeda,5.6,135,MD,Baltimore,166,8941
618,Brett,Campbell,6.1,170,PA,Wallingford,52,64634
619,Jared,Odenbeck,6.2,170,NC,Charlotte,48,23909
620,Tyler,Rudy,5.9,165,MD,Olney,52,58162
621,Terence,Ciavarra,5.9,160,MA,Sutton,160,72263
622,Mitch,Johnson,6,184,OH,Dublin,159,17575
623,Ian,Richling,5.9,155,CT,Weston,160,70539
624,Yakov,Rubinchik,5.8,145,GA,Lawrenceville,174,7857
625,Shane,Conlin,6.1,165,NJ,Randolph,162,16232
626,Ryder,Bell,6,175,OH,Moreland Hills,93,67137
627,Patrick,Murphy,6.1,170,CA,Los Angeles,114,13895
628,Joey,Calistri,5.1,160,IL,Deerfield,72,16105
629,Colin,Heffron,6,166,NY,Upper Brookville,114,22948
630,Jerry,Karalis,5.8,150,PA,Bryn Mawr,162,64634
631,Chris,Salmon,6,160,WA,Auburn,162,34717
632,Colin,Zizzi,5.8,150,PA,Carlisle,158,9650
633,Josh,Butzke,5.1,175,NY,Port Jefferson Station,161,13761
634,Joe,Ohaus,6,180,NJ,Westfield,39,70396
635,Gavin,Norris,6.3,160,MD,Baltimore,166,61529
636,Alistair,Johnston,5.11,170,Ontario,Aurora,48,3718
637,Will,Smith,5.11,175,CT,Avon,93,70516
638,Rich,Gadbois,6.2,180,CA,Corona del Mar,160,55916
639,Brandon,Pfluger,6.2,185,TX,Carrollton,52,14747
640,Alex,Thompson,6,165,TN,Nashville,116,67137
641,Mateo,Godoy,5.1,150,CA,Los Angeles,116,7247
642,Eli,Pinner,5.6,156,GA,Atlanta,170,47973
643,Derek,McCaffrey,6.1,175,MA,Groton,160,25839
644,Sebastian,Lindner-Liaw,5.9,160,ME,South Portland,115,69381
645,Todd,Forrester,5.1,168,VT,Williston,164,11092
646,Garrett,Opperman,6.1,180,MN,Minneapolis,72,7180
647,Dennis,Pyetsukh,6.3,187,GA,Dawsonville,111,15841
648,Justin,O'Brien,6,178,NJ,Montclair,111,41930
649,Joe,Rodriguez,,190,NJ,Montclair,166,41930
650,Alex,Lucaci,6.2,180,NJ,Summit,166,62972
651,Oscar,Umar,,160,Ghana,Accra,57,33146
652,Andrew,Harris,,185,MD,Baltimore,48,24131
653,Kyle,Nelson,6.2,185,TX,Austin,174,10364
654,Nikolai,Hammer,6.1,170,FL,Safety Harbor,170,14463
655,Zach,Zagorski,6,165,NJ,Westfield,113,70396
656,Zach,Wyzgoski,5.11,170,MI,Bloomfield Hills,116,2261
657,Tommy,Griffin,5.1,155,NJ,Basking Ridge,113,16232
658,Chris,Saul,5.8,150,MD,Pasadena,45,11628
659,Keenan,O'Shea,6.1,165,VA,Chesterfield,159,14367
660,Danny,Apajee,5.1,162,RI,Cranston,45,34253
661,Matthew,Shea,5.11,165,MA,Boston,160,26489
662,Cayne,Cardwell,5.11,175,WA,Camas,195,8975
663,Patrick,Chin,5.1,165,CA,Arcadia,37,2785
664,Vince,Manzo,5.11,185,MI,Washington,57,15939
665,Mike,Lansing,6.4,185,NJ,Randolph,161,52945
666,Manny,Nunez,5.1,146,TX,Austin,45,6883
667,Nick,Pappas,6.1,185,AZ,Scottsdale,114,49611
668,Aaron,Dennis,6.2,175,NY,Elmont,57,19665
669,Darek,Wajda,6,165,NJ,Ridgefield,91,5442
670,Esteban,Hidalgo,5.11,175,NJ,Summit,52,60601
671,Nick,Malvezzi,6,190,TX,Austin,160,61284
672,JT,Marcinkowski,6.1,185,CA,Alamo,52,16191
673,Derek,Stenquist,5.9,155,MA,Hudson,114,65018
674,Julian,Ngoh,5.9,160,VA,Goldvein,93,36029
675,Elliott,Townsend,6.4,180,ME,Freeport,45,22850
676,Miles,Brewer,6,175,Bermuda,Warwick,91,63580
677,Carter,Richardson,5.11,180,OH,Dublin,48,17575
678,Owen,Fanikos,5.11,160,MA,Weymouth,163,10194
679,Ronnie,Shaban,6.1,185,VA,Ashburn,112,62431
680,Luke,Browning,5.9,160,Australia,Sydney,158,61604
681,Donnie,Surdoval,6,170,NJ,Sparta,114,16232
682,Sam,Hatem,5.1,,MA,Northborough,112,72263
683,Josh,Brown,5.1,170,NJ,Branchburg,164,58992
684,Tosh,Yasuda,5.1,150,NM,Las Cruces,11,37028
685,Matt,Makowski,6.4,200,PA,Quakertown,158,20953
686,George,Pedlow,5.1,170,England,London,113,61529
687,Wilson,Fisher,6.2,180,AL,Birmingham,39,42637
688,Joseph,Cahalan,5.1,150,MD,Reisterstown,166,24131
689,Dan,Maldonado,5.1,170,NJ,Wayne,112,16232
690,Paul,Grandstrand,6.3,195,MN,Orono,111,7180
691,James,Delnero,5.9,165,NJ,Matawan,159,12052
692,Michael,Channell,6.2,190,FL,Boca Raton,170,2013
693,Scott,Prozeller,5.11,150,MA,Sudbury,115,44669
694,Brendan,O'Hearn,6.1,175,AZ,Cave Creek,112,8655
695,Matt,Thorsheim,6,155,NJ,Manalapan,161,12052
696,Tristan,Conrad,6.2,162,IL,Schaumburg,195,13770
697,John,Mino,6.1,170,OH,Mayfield,158,67137
698,Alex,Lee,6,180,CA,Los Angeles,111,7247
699,Emil,Owusu,6,155,MD,Germantown,158,45813
700,Colin,Skelly,5.1,170,PA,Wrightstown,114,23978
701,Will,Richmond,5.1,155,CA,Piedmont,155,49681
702,Will,Emerson,6.3,175,TN,Nashville,118,41998
703,Ryan,Capo,6,165,GA,Atlanta,11,72235
704,Connor,Hubbard,6.1,175,SC,Greenville,170,18700
705,Felipe,Gastaldi,5.5,145,GA,Atlanta,37,38968
706,Ben,Tsuda,5.11,160,MA,Shrewsbury,115,58276
707,Justin,Friedlander,5.7,145,MD,Rockville,166,8216
708,Justin,Lukso,6.5,180,CO,Colorado Springs,195,36029
709,Andrew,Wenger,6,185,PA,Lititz,39,68895
710,Jack,Hagstrom,6.4,180,WI,Middleton,111,40913
711,Sevon,Pendergrass,6,160,TN,Nashville,11,37037
712,Ben,Feldman,5.1,150,WA,Seattle,113,23433
713,Austin,Lind,6.3,170,RI,North Kingstown,111,45144
714,Kevin,Rossillon,5.1,170,NM,Albuquerque,195,19253
715,Joe,Ortiz,6.1,173,NM,Albuquerque,195,12178
716,Nicholas,Irvine,5.11,165,PA,Doylestown,166,65066
717,Nate,Cole,6,175,MA,Needham,160,72263
718,Kentrel,Owens,5.9,160,NC,Charlotte,174,11342
719,Gavin,Norris,6.3,160,MD,Baltimore,166,61528
720,Jack,Hilger,5.1,155,MA,Hopkinton,116,29100
721,Brandon,Briggs,6,170,NV,Carson City,160,9896
722,Andrew,Stevens,6.2,,MA,Marshfield,112,7826
723,Tater,Rennhack,5.11,165,TX,Westlake,48,70434
724,Ryan,McCormick,6,175,RI,Cranston,45,34253
725,Stephen,Baker,6,,NY,Fairport,117,40054
726,Christian,Lue Young,6,170,FL,Fort Lauderdale,159,9513
727,Thurman,Riper,6.4,195,MA,Groton,166,25839
728,David,Louthan,6.2,185,CO,Colorado Springs,195,1028
729,Kevin,Hady,5.1,175,GA,Alpharetta,174,11473
730,Elliot,Maker,5.11,170,ME,Naples,160,11728
731,Greg,Biggiani,6.4,196,NJ,Medford,164,57953
732,Rhys,De Sota,6.1,185,CO,Aurora,155,25044
733,Max,Gross,6.2,190,Nova Scotia,Halifax,111,49558
734,Andy,Hackbarth,6.1,185,OR,Bend,118,62972
735,Nick,Prunier,5.7,155,MA,Worcester,160,17195
736,Jacob,Denison,5.11,158,MD,Gaithersburg,166,8216
737,Grant,Makela,6.4,200,FL,Destin,11,22222
738,Scott,Lakin,6.1,180,IL,Deerfield,72,16105
739,Aiden,McFadden,5.9,165,PA,West Chester,43,27527
740,Mohamed,Abdelhamid,6.2,195,NJ,Fort Lee,116,22170
741,George,Ramsay,6.1,184,GA,Atlanta,24,17531
742,Louie,Maldonado,5.9,159,NJ,Wayne,112,16232
743,Ryan,O'Connor,,156,NJ,Rumson,166,12052
744,Andres,Camacho,6,180,NJ,Colonia,57,13326
745,Jake,Burgess,5.11,180,NY,Cornwall,159,14286
746,Drew,Viscomi,5.7,150,TN,Lookout Mountain,72,39798
747,Morgan,Lussi,5.1,150,MD,Lutherville,166,61529
748,Cameron,Robinson,5.9,150,LA,Madisonville,170,61528
749,Tanner,Giles-Tucker,5.11,155,MD,Silver Spring,158,6231
750,Chase,Rhode,6.1,175,NC,Cary,48,9513
751,Jimmy,Putko,5.9,165,MA,Westford,113,65105
752,Amadu,Kunateh,5.7,155,MA,Lynn,114,35240
753,Chris,Carey,6,175,AZ,Scottsdale,37,7871
754,Blake,Atherton,,160,OH,Beachwood,52,4692
755,Alistair,Person,,160,TX,Grand Prairie,164,6883
756,Roman,Martin,6.1,160,CA,La Jolla,48,34194
757,Eamon,O'Connor,6,180,DE,Wilmington,161,11419
758,Felix,De Bona,5.11,170,MA,Somerville,160,58992
759,Nestor,Jaramillo,5.7,152,SC,Lexington,174,9527
760,Brent,Hooper,5.9,160,MD,Bel Air,57,2809
761,Tyler,Bell,5.1,152,NJ,Mendham,163,16232
762,Conor,Kelly,5.1,160,NJ,Rumson,39,12052
763,Gogo,Kollie,5.7,150,PA,Philadelphia,45,21211
764,Philip,Ponder,6.1,170,TX,Denton,11,37028
765,David,Sauerhoff,5.11,175,NJ,Springfield,57,15888
766,John,Kendall,6,170,NC,Charlotte,116,11344
767,Oshick,Shams,5.11,210,TX,Mansfield,11,9864
768,C.J.,Uche,5.1,160,NJ,Hamilton,161,51450
769,Alex,Jaroscak,5.8,160,FL,Weston,159,15364
770,Joseph,Mensah,5.11,165,CT,Avon,118,49549
771,Jared,Stroud,5.1,160,NJ,Chester,162,16232
772,Stone,Barcomb,6.2,185,FL,Sarasota,91,50002
773,Getenet,Tuji,5.1,165,MN,St. Paul,72,10739
774,Riley,Adams,5.9,145,CO,Highlands Ranch,113,42753
775,Emery,May,5.11,165,KS,Wichita,170,66225
776,Jorge,Acosta,5.6,120,NJ,Hawthorne,91,60601
777,Evan,Johnson,6.2,185,IL,Elmhurst,45,72716
778,Marco,Carrizales,5.8,150,TX,Dallas,170,36070
779,Zach,Ryan,6,175,NJ,Chatham,155,11459
780,Emmett,Gordon,5.1,145,MA,Brookline,72,5164
781,Promise,Adebayo-Ige,6,170,CA,Eastvale,117,19384
782,Carlos,Dominguez Gonzalez,6.1,172,Mexico,Aguascalientes,174,64311
783,Tyler,Evans,5.11,167,CA,San Diego,115,64307
784,Tommy,Kay,6.6,202,FL,Ocala,170,21988
785,Sebastien,Das,6.1,186,MA,Belmont,37,5163
786,Stephen,Paresi,5.8,155,NY,Armonk,57,8509
787,Scott,Caldwell,5.8,155,NJ,Mendham,113,16232
788,Adam,Mosharrafa,6.2,175,AZ,Paradise Valley,155,7871
789,Scott,Keogh,6.1,165,NJ,Scotch Plains,57,64959
790,Jack,Blattman,6,180,CT,Norwalk,112,33476
791,Elek,Arany,6.2,190,CO,Highlands Ranch,11,65478
792,Matthew,Ranieri,5.11,155,MA,Natick,114,44669
793,Mike,McTigue,6.3,175,NY,Tuckahoe,166,21950
794,Ryan,Bellavance,6.2,190,MA,Medfield,162,65018
795,Luke,Rossi,6,175,NJ,East Hanover,112,16232
796,Joe,Saitta,5.8,160,NJ,Califon,116,16232
797,Chris,Thorsheim,6,155,NJ,Manalapan,161,12052
798,Max,Sole,5.9,165,CA,Calabasas,195,14797
799,Rhys,Williams,5.11,150,FL,Weston,112,15364
800,Sam,Bekenstein,5.9,165,MA,Wayland,118,69313
801,Keaton,Hubbard,6,145,SC,Greenville,170,18700
802,Ryan,Clare,5.1,150,MA,Wellesley,116,69563
803,Nick,Irvine,5.1,165,PA,Doylestown,160,65066
804,Jeffrey,Fann,6,155,SC,Greenville,170,61134
805,Clinton,Smith,6.1,189,LA,New Orleans,24,64269
806,Daniel,Mayorga,5.9,155,FL,Doral,174,12110
807,Jacob,Cohen,6.1,190,AZ,Phoenix,11,11152
808,Alec,Kann,6.4,190,GA,Decatur,170,34596
809,Emeka,Eneli,5.9,155,OH,Dublin,113,17575
810,Chandler,Fraser-Pauls,5.11,175,NJ,Pennington,164,64936
811,Cameron,Jarvis,6.3,180,CA,Pleasant Hill,159,16191
812,Jonathan,Aguirre,6.1,180,NJ,Madison,39,37966
813,Devon,Orben,5.4,145,IN,Columbus,158,13520
814,Phil,Breno,6.3,220,MD,Mount Airy,93,59163
815,John,Sims,6.3,188,CO,Colorado Springs,195,1028
816,Ben,Salmon,6,160,WA,Auburn,114,34699
817,Jose,Salama,6.1,175,Spain,Madrid,111,60529
818,Oliver,Kupe,6.3,185,MI,Clarkston,72,12520
819,Ema,Twumasi,5.8,160,Ghana,Accra,48,33146
820,Jeremy,Klein,5.8,163,MA,Needham,91,43567
821,Alejandro,Almodovar,6,180,CA,Valencia,158,11064
822,Mark,Forbes,6.1,155,NJ,Chatham,57,16232
823,Taylor,Amman,6.2,175,CA,Santa Rosa,155,56645
824,Chris,Makowski,5.11,185,PA,Quakertown,45,20953
825,Brad,Kline,6,155,MD,Baltimore,158,2826
826,Neeraj,Mahey,6.2,185,CA,Danville,162,61867
827,Gaby,Joseph,6,180,WA,Bellevue,116,34717
828,Kalifa,Sylla,5.8,165,NY,Bronx,45,28046
829,Jameson,Lochhead,6.3,190,NJ,Basking Ridge,111,53967
830,Ericson,Bean,6.2,195,GA,Johns Creek,167,10474
831,Hunter,Holstad,,170,AL,Birmingham,167,46267
832,Eric,Skogerboe,5.11,188,VA,Leesburg,167,62431
833,Brendan,Lane,5.1,150,CT,Southport,114,20827
834,Jared,Rist,5.1,165,NC,Durham,39,54396
835,Ben,Berube,5.7,140,MA,Somerset,160,58935
836,Connor,Klekota,5.8,158,OH,Amherst,43,38936
837,Garrett,McLaughlin,6,175,OK,Oklahoma City,11,27720
838,Tim,Whalen,6.3,185,CT,Amston,111,53726
839,Fernando,Duran,6.2,,MD,Annapolis,117,16320
840,Patrick,Slogic,6.6,185,CO,Colorado Springs,113,36029
841,Dan,Bank,5.7,151,NY,Armonk,161,8509
842,Tommy,Nealon,5.1,155,TX,Dallas,57,12265
843,Louis,Zingas,5.11,170,MI,Warren,111,15939
844,Luis,Rendon,5.1,160,VA,Richmond,39,14367
845,Marcus,DiLallo,6.2,185,FL,Wellington,118,69567
846,Julian,Plummer,6.1,181,NJ,Kendall Park,164,64671
847,Eric,McKenna,6.2,180,NY,Great River,57,18319
848,Eric,Guo,5.11,,CA,Arcadia,117,2785
849,Marc,Teitelbaum,5.11,185,NJ,Upper Saddle River,164,5442
850,Daniel,Tweed-Kent,5.9,155,MA,Pittsfield,39,50205
851,Zach,Winthrop,,170,PA,Philadelphia,164,22961
852,Ethan,Singer,6.1,180,FL,Clearwater,167,14463
853,Alec,Ferrell,6.4,195,OH,Westlake,48,70433
854,Jeff,Zimering,6,160,NJ,Basking Ridge,113,64959
855,Michael,Nerud,6.5,182,MD,Germantown,166,45813
856,Ty,Seager,5.11,165,IL,West Chicago,72,70709
857,Thomas,Moore,,180,OH,Loveland,167,41126
858,David,Warburton,5.11,166,MD,Westminster,166,23994
859,Mikey,Stockley,6,160,GA,Alpharetta,91,1710
860,Max,Zandi,6,170,PA,West Chester,57,27527
861,Alex,Reneau,6,170,IL,Glenview,72,35193
862,Lucas,Kirby,6,160,CA,Santa Monica,118,15042
863,Jordan,Cano,6.1,170,TX,Frisco,11,37028
864,Brad,Ross,6,183,TN,Nashville,163,22618
865,Achara,NULL,5.1,161,Nigeria,Enugu,52,5494
866,Ade,Akinsanya,5.1,165,CA,Sacramento,160,31916
867,Carter,Blanche,6,185,LA,Baton Rogue,174,20052
868,Ryan,Clary,6.1,150,AZ,Cave Creek,195,8655
869,Patrick,Compton,5.9,160,TN,Murfreesboro,195,54353
870,Dylan,Hobert,6.3,190,GA,Carrollton,158,9877
871,Ethan,Kutler,5.11,155,NY,Lansing,162,34978
872,AJ,Stueck,5.8,130,CT,Brookfield,91,7713
873,Austin,Verissimo,5.8,135,NJ,Newark,39,18700
874,Eric,Whiteman,6.2,183,IL,Elgin,159,19404
875,Kieran,Ensor,5.9,150,NJ,Emerson,166,19779
876,Connor,Holloway,6.2,180,IL,Deerfield,72,16105
877,Elliot,Mustoe,6.3,170,England,Stockton-on-Tees,91,35965
878,Fabien,Vorbe,5.11,170,Haiti,Port-au-Prince,170,17638
879,Maximillian,Brown,6.3,175,NY,New York,91,4716
880,Mike,Kennedy,5.11,180,MA,Lynnfield,91,37765
881,Mark,Kramarchuk,6,180,NY,Mount Vernon,161,21950
882,Noah,Sinkoff,5.1,160,MA,Richmond,160,5494
883,Sam,Gomez,6.3,181,MO,St. Louis,45,69476
884,Will,Stroud,5.9,155,NJ,Chester,162,16232
885,Jagger,Martinez,5.1,155,FL,Safety Harbor,72,14463
886,Chandler,Cree,6.2,170,NC,Cary,91,9982
887,Charlie,Furrer,6.2,185,TX,Georgetown,155,37028
888,Brett,Goodman,6,180,GA,Savannah,174,56823
889,Michael,Bustamante,5.9,160,MA,Chelsea,160,11536
890,Stephen,Krachie,6.1,182,NJ,Marlboro,45,12052
891,Tiger,Graham,6.1,175,PA,Paoli,114,72870
892,Diego,McQuestion,6.2,165,MD,Baltimore,166,24131
893,Enzo,Okpoye,6.2,185,Nigeria,Asaba,118,6217
894,Patrick,Letourneau,6.4,194,PA,Bethlehem,162,22815
895,Will,Ogden,6.1,180,NY,Armonk,113,8509
896,William,Roberts,6.2,190,VA,Williamsburg,118,26403
897,Noah,Teplitzky,5.9,150,OH,Cincinnati,170,15675
898,Jack,Beer,5.9,160,NY,Thornwood,52,8509
899,Liam,Bracken,6,172,GA,Alpharetta,24,6299
900,Jamie,Doherty,5.7,140,MA,Mansfield,37,72263
901,Nathan,Witte,5.11,150,TX,Carrollton,166,14747
902,John,Tilton,6.1,172,WA,Arlington,195,3012
903,Eddie,Nam,5.8,155,GA,Marietta,91,64794
904,Jonathan,Nierenberg,6,190,NY,Sand Point,114,22948
905,Mattias,Tomasino,5.1,165,FL,Miami,72,12110
906,Kian,Alberto,5.9,155,NJ,Mendham,162,16232
907,David,Barna,5.7,145,CT,Easton,115,29095
908,Mawuena,Agbossoumonde,5.11,175,NY,Syracuse,45,12052
909,Antonio,Bustamante,5.7,151,VA,Springfield,93,70192
910,Ethan,Koehler,6.2,190,NJ,Maplewood,52,13447
911,Wes,Maki,5.11,150,FL,Naples,117,29935
912,Cameron,Okoro,5.11,165,CT,Weston,91,70539
913,Tommy,Wang,5.11,160,MD,Baltimore,39,10474
914,Sam,Miles,5.7,150,MA,Seekonk,118,57491
915,Ellis,Vienne,6.3,185,NC,Cornelius,174,29063
916,Eddie,Munjoma,5.1,155,TX,McKinney,11,37028
917,Rocky,Guerra,5.9,155,GA,Lawrenceville,170,5477
918,Petri,Lindberg,5.11,177,GA,Alpharetta,24,11473
919,Pierce,Kassmeier,5.11,180,CO,Centennial,195,11587
920,Matt,Danilack,6.2,185,MD,Rockville,114,64970
921,Witt,Conger,,165,NC,Raleigh,52,60746
922,Lukas,Czinger,5.1,155,CA,Los Angeles,118,27008
923,Gent,Celaj,6,175,CT,Brookfield,160,7713
924,Nick,Palodichuk,6,187,WA,Battleground,39,8975
925,Cameron,Moseley,6.4,208,GA,Duluth,39,72235
926,Mike,Mazzullo,6.1,170,NY,Yonkers,112,21950
927,Djimon,Johnson,6.1,149,CT,Bridgeport,45,59346
928,Holland,Rula,5.11,175,AL,Birmingham,48,37037
929,Brenden,Lee,5.6,139,TX,Frisco,11,10474
930,Jason,Lucas,6.1,170,Jamaica,Kingston,160,64663
931,Voltaire,Escalona,6,180,PA,Blue Bell,111,23978
932,Ed,Gonzalez,6,180,RI,Providence,158,5494
933,Filip,Guhr,6.1,175,FL,Boca Raton,117,6561
934,Jacob,Harris,6.4,205,MA,Brookline,162,65018
935,Matt,Reichenbach,6.1,175,MD,Kingsville,164,37466
936,Diogo,Almeida,6,175,Brazil,Piracicaba,11,46419
937,Jaime,Benitez,5.6,126,TX,Carrollton,11,14747
938,Yima,Asom,5.9,160,TX,Fairview,114,61284
939,Matt,Bautista,6.2,185,MD,Rockville,166,16320
940,Kyle,Reilly,5.9,164,NY,Delmar,162,34260
941,Rex,Messing,5.1,165,CT,Ridgefield,162,53996
942,Gabriel,Menescal,6.1,182,FL,Coconut Creek,45,41768
943,Matthew,Reynolds,6.3,197,GA,Atlanta,174,72235
944,Andrew,Bortey,5.11,175,NJ,Clifton,118,9245
945,Connor,Gregory,6,169,PA,Swarthmore,111,64634
946,Rory,Madigan,6,,NJ,Chatham,112,16232
947,Teddy,Schneider,5.6,130,NJ,Califon,116,16232
948,Greg,Seifert,6,185,NJ,Woodland Park,116,16232
949,Erik,Ekstrom,5.11,175,NY,Corning,117,14283
950,Matt,Rytel,,175,PA,Pittsburgh,164,57823
951,Michael,Scully,5.1,165,VA,Ashburn,195,62431
952,Mike,Leone,5.9,170,MI,Saint Clair Shores,111,15939
953,Jamie,Rosiello,5.1,160,MA,Pittsfield,160,50205
954,Jesse,Vella,5.9,165,NY,New York,112,7664
955,Peter W.,Davis,6,165,CA,Danville,159,41943
956,Justin,Hitchens,5.9,140,VA,Fredericksburg,195,54223
957,Matthew,Glick,5.11,165,CA,Santa Monica,162,27008
958,Bryan,Connolly,5.1,170,OH,Brookville,159,7847
959,Jason,Lewis,6.1,175,KY,Fort Thomas,159,28164
960,Theo,Miller,5.8,150,NY,Brooklyn,118,4716
961,Mike,Manella,5.8,150,CA,Toluca Lake,111,64339
962,Cameron,Kirdzik,6,180,NJ,Flemington,118,64959
963,Frederick,Elliot,6,180,NJ,Roseland,112,64959
964,Aaron,Eshkenazi,6.3,195,FL,Coral Springs,195,17195
965,Chey,Im,5.1,150,WA,Tacoma,115,61897
966,Jake,Heyer,5.9,160,MS,Tupelo,57,66565
967,Matt,Villano,5.1,147,NJ,Basking Ridge,163,16232
968,Stone,Barcomb,6.2,185,FL,Sarasota,91,49942
969,Brandon,Servania,5.1,160,AL,Birmingham,48,37037
970,Allec,Willis,6.2,170,MS,West Hattiesburg,118,46207
971,John,Loaiza,5.5,140,South America,Colombia,166,12095
972,Andrew,Mills,6.2,195,CA,Sacramento,116,31634
973,Brandon,Allen,6.1,190,NJ,Old Bridge,52,61852
974,Jacori,Hayes,5.8,150,MD,Bowie,48,16320
975,Thomas,Bosley,6.1,175,FL,Ponte Vedra Beach Beach,170,20054
976,Sean,Bonanno,5.7,145,NY,Albany,91,13351
977,Tanner,Vosvick,6.1,180,MD,Phoenix,159,24131
978,Bryce,Ferguson,5.1,160,CA,Mill Valley,115,64317
979,Jokubas,Uznys,6.4,181,VA,Williamsburg,161,68654
980,Kyle,Cressy,5.9,150,ID,Boise,195,9418
981,Murray,Riach,6.2,180,CT,Weston,113,70539
982,Josue,Soto,5.9,160,TX,Houston,11,9130
983,Thomas,Gasparini,6.4,190,NY,Rye,116,55766
984,Derek,Waleffe,5.11,150,WI,Madison,111,40913
985,Brendan,Barth,5.9,155,NH,Hanover,114,26489
986,Amado,Lozano,5.7,135,CA,Alameda,117,6075
987,Jack,Casey,5.8,155,NJ,Morristown,43,64959
988,Adam,Gibbs,5.11,190,MA,Westborough,91,70256
989,Kei,Tomozawa,5.9,140,WA,Bellevue,155,5113
990,Dimitri,Beauchamp,6.1,185,NY,Bay Shore,158,4606
991,Cole,Missimo,6.1,170,TX,Dallas,72,51276
992,John,Wendt,6.4,185,OH,Sylvania,195,45798
993,Zeiko,Lewis,5.6,140,Bermuda,Pembroke,37,5494
994,Wyatt,Fabian,,186,PA,Sinking Spring,164,64651
995,Declan,Toomey,6.2,194,NJ,Ridgewood,163,5442
996,Danny,Lojek,5.1,145,IL,Orland Park,43,9626
997,Luca,Gimenez,5.1,160,Brazil,Sao Paulo,48,59346
998,Riley,Strassner,6.2,185,CT,Avon,52,3853
999,Jamie,Deal,5.11,175,GA,Lawrenceville,167,7857
1000,Wilhelm,Jacques,6,160,MA,Medford,39,40184
1001,Jeffrey,Fann,6,155,SC,Greenville,170,61150
1002,Vittorio,Luzio,5.5,,MA,Lexington,112,35965
1003,Mac,Gambill,6.2,195,VA,Richmond,174,60691
1004,Kevin,Mejia,6.2,189,CA,Pasadena,37,39092
1005,Wayne,Maminski,5.1,155,PA,Philadelphia,164,21211
1006,Ryan,Leonard,5.1,170,MA,Braintree,158,64199
1007,Andrew,Golz,6.1,205,IL,River Forest,195,46270
1008,Cameron,Jarvis,6.3,180,CA,Pleasant Hill,159,15940
1009,Andres,Chacon,5.9,160,NJ,Summit,163,62972
1010,Ollie,Iselin,6.3,185,England,London,118,70516
1011,Brendan,Mulligan,,170,NJ,Princeton Jct.,164,49022
1012,Kendall,Tom,5.11,195,SC,Charleston,159,51586
1013,Matt,Kagie,5.8,157,CO,Greenwood Village,113,11587
1014,David,Neumann,5.1,165,NY,Pleasant Valley,45,3012
1015,DJ,Williams,5.9,150,TX,Fort Worth,11,22231
1016,Ryan,Wagner,5.11,155,NJ,Monroe Township,91,12052
1017,Mac,Phillips,6,175,VA,Rocky Mount,93,22596
1018,Dylan,Onderdonk-Snow,6.2,170,SC,Aiken,118,1014
1019,Henry,Stusnick,6.7,205,NJ,Chatham,114,11459
1020,Rio,Hope-Gund,6,170,NY,New York,52,22962
1021,Rob,Bedson,6.2,170,CT,Fairfield,164,20827
1022,Mike,Garzi,5.7,140,CT,New Milford,162,59346
1023,Simba,Meki,5.8,165,Zimbabwe,Harare,113,64032
1024,Lathan,Spadafora,5.1,155,TN,Collierville,195,60879
1025,Avery,Schwartz,5.8,150,CA,Santa Barbara,118,10155
1026,Chris,Benedict,5.9,170,NJ,Milburn,116,41095
1027,Patrick,Wintergalen,6.3,180,AZ,Phoenix,11,7871
1028,Dawson,McCartney,6.1,175,NJ,Voorhees,114,72870
1029,Lucas,McBride,6.1,180,NY,Rye Brook,160,6310
1030,Charles,Touche,6.3,185,NM,Albuquerque,113,1226
1031,Ben,Snider,5.1,155,MI,Clarkston,162,12520
1032,Austin,Aviza,6.3,190,IL,Medway. Mass.,45,40235
1033,Chris,Dennen,6.1,170,NY,Bronxville,118,7683
1034,Jonathan,Cullom,6.2,190,VA,Williamsburg,113,31288
1035,Nima,Naderi,5.9,147,TX,Carrollton,11,14747
1036,Maarten,van Ess,6.4,172,MA,Marlborough,114,39010
1037,Matthew,Massaad,6.2,180,CA,La Jolla,118,64307
1038,Mitchell,Auer,6.5,205,OH,Columbus,52,17700
1039,Marco,Ortiz,5.8,145,TX,Fort Worth,170,36058
1040,Devin,Morgan,6.3,195,NY,Brooklyn,113,57155
1041,Schuyler,Fuchsman,5.1,155,NJ,Madison,160,37966
1042,Nick,Arpey,5.1,150,IA,Iowa City,162,69697
1043,Nasarachi,Onyeuku,6.2,185,GA,Fayetteville,170,21241
1044,Maurice,Coyle,6,180,PA,New Hope,52,5494
1045,Michael,Fowler,6.1,,NY,Owego,113,47703
1046,Neeraj,Mahey,6.2,185,CA,Danville,162,61282
1047,Ernando,Manrique,5.1,165,GA,Buford,167,41157
1048,Brandon,Guhl,6,165,TX,Houston,11,12657
1049,Adrian,McInnis,5.1,155,LA,Mandeville,170,61528
1050,Joshua,Yaro,5.11,163,CA,Santa Barbara,52,10155
1051,Harry,Swartz,5.9,159,MA,Needham,91,43567
1052,Andrew,Kestler,6.2,175,MD,Mount Airy,93,59163
1053,Josiah,Bostic,5.8,150,TX,Carrollton,158,14747
1054,Jamie,Rees,5.8,145,WA,Seattle,115,23433
1055,Will,Carlson,,170,NY,Harrison,52,55766
1056,Will,Chisholm,6.1,180,CA,Atherton,114,40416
1057,Kristofer,Hartvigsen,5.4,135,SC,Columbia,159,60278
1058,Daniel,Smith,6.2,165,WA,Bellevue,115,44418
1059,Ethan,Harlow,6.2,175,VT,Essex Junction,160,57939
1060,Tim,Sedwitz,6.1,170,CA,San Diego,116,34194
1061,Nick,Butler,6.5,181,NJ,Basking Ridge,37,5534
1062,Corey,Michocki,5.1,154,NC,Charlotte,166,51601
1063,Evan,Heroux,6.2,170,NJ,Westfield,162,70409
1064,John,Fuquene,5.11,171,VA,Arlington,93,68457
1065,Isaac,Strever,5.1,175,WA,Vancouver,195,42720
1066,Joe,Festa,6.3,170,MA,Medfield,115,40182
1067,Melvin,Andujar,5.9,164,Puerto Rico,San Juan,45,61090
1068,Nick,Maiorana,5.1,155,GA,Macon,113,42518
1069,Mayowa,Alli,6,190,MD,Lanham,161,6071
1070,Szabolcs,Wiksell,6,170,OH,Richfield,113,53694
1071,Kevin,Dzierzawski,5.9,160,MI,Oakland Twp.,114,7873
1072,John,Melcher,5.9,160,GA,St. Simons Island,195,24485
1073,Henry,Flugstad-Clarke,5.1,165,NJ,Morristown,118,64959
1074,Sam,Lepley,6.1,175,IA,Des Moines,167,55158
1075,Colin,Henry,5.8,170,MA,Norwell,160,45975
1076,Sam,Carter,6.3,210,NY,Queens,166,2818
1077,Andrea,Seazzu,6.3,180,NM,Albuquerque,195,18037
1078,Kofi,Agyapong,5.8,138,Ghana,Accra,112,61235
1079,Tyler,Skwara,5.1,170,NJ,Southampton,37,57953
1080,Peter,Prentice,6,170,TX,Houston,162,64269
1081,Ilan,Piker,6.2,160,WA,Redmond,113,53340
1082,Samuel,Rosen,5.11,160,CT,Branford,114,29095
1083,Robbie,Schallmo,5.9,165,MA,Norwood,91,64199
1084,Diego,Garcia,5.9,155,MA,Lexington,160,35965
1085,Rene,Ismail,6,160,NY,New York,160,4716
1086,Spencer,Goldstein,6,172,CO,Littleton,159,27689
1087,Jack,O'Brien,6,170,CO,Broomfield,155,7869
1088,Lane,Warrington,6,160,OK,Lawton,11,35294
1089,Danya,Kafai,5.9,160,CA,Redwood City,155,72191
1090,Jared,Odenbeck,6.2,170,NC,Charlotte,52,11342
1091,Ryan,Rosenbaum,6.1,176,D.C.,Washington,11,72155
1092,Charlie,Geddes,5.9,160,GA,Atlanta,174,3527
1093,Gabe,Hoffman-Johnson,5.11,165,ME,Falmouth,114,21061
1094,Nick,Hellmann-Rhodes,6.2,174,CA,Del Mar,163,10164
1095,Santi,Musalem Pinto,5.9,175,MD,Bethesda,117,68996
1096,Beto,Carrillo,5.8,,TX,Tyler,112,37028
1097,Walt,Stevens,5.8,160,SC,Greenwood,174,25691
1098,Josh,Thiermann,6.1,180,WI,Stoughton,43,62510
1099,Jordan,Petitt,5.1,170,VA,Springfield,93,70192
1100,Jack,Zollicoffer,6.2,188,NC,Charlotte,161,11355
1101,Kirk,Bingaman,6.2,185,TX,Austin,195,70433